-- phpMyAdmin SQL Dump
-- version 4.8.5
-- https://www.phpmyadmin.net/
--
-- Host: 127.0.0.1
-- Generation Time: Jun 15, 2019 at 06:32 AM
-- Server version: 10.1.38-MariaDB
-- PHP Version: 7.3.2

SET SQL_MODE = "NO_AUTO_VALUE_ON_ZERO";
SET AUTOCOMMIT = 0;
START TRANSACTION;
SET time_zone = "+00:00";


/*!40101 SET @OLD_CHARACTER_SET_CLIENT=@@CHARACTER_SET_CLIENT */;
/*!40101 SET @OLD_CHARACTER_SET_RESULTS=@@CHARACTER_SET_RESULTS */;
/*!40101 SET @OLD_COLLATION_CONNECTION=@@COLLATION_CONNECTION */;
/*!40101 SET NAMES utf8mb4 */;

--
-- Database: `amana_agro`
--

-- --------------------------------------------------------

--
-- Table structure for table `admin`
--

CREATE TABLE `admin` (
  `id` int(11) NOT NULL,
  `name` varchar(250) NOT NULL,
  `password` varchar(250) NOT NULL
) ENGINE=InnoDB DEFAULT CHARSET=latin1;

--
-- Dumping data for table `admin`
--

INSERT INTO `admin` (`id`, `name`, `password`) VALUES
(5, 'suzonice15@gmail.com', '03afefe401d493b529045b0ccd5f719f'),
(7, 'amanaagro@gmail.com', '7883c46dfed13f9f8650e7ab496f0c74');

-- --------------------------------------------------------

--
-- Table structure for table `category`
--

CREATE TABLE `category` (
  `category_id` int(11) NOT NULL,
  `category_name` varchar(250) NOT NULL
) ENGINE=InnoDB DEFAULT CHARSET=utf8;

--
-- Dumping data for table `category`
--

INSERT INTO `category` (`category_id`, `category_name`) VALUES
(9, 'kitnasok'),
(10, 'agasa'),
(11, 'sar'),
(12, 'makorsah'),
(13, 'asitese'),
(14, 'chotrak');

-- --------------------------------------------------------

--
-- Table structure for table `client`
--

CREATE TABLE `client` (
  `id` int(11) NOT NULL,
  `client_heading` varchar(250) CHARACTER SET utf8 NOT NULL,
  `client_name` varchar(250) CHARACTER SET utf8 NOT NULL,
  `client_images` varchar(250) CHARACTER SET utf8 NOT NULL
) ENGINE=InnoDB DEFAULT CHARSET=latin1;

--
-- Dumping data for table `client`
--

INSERT INTO `client` (`id`, `client_heading`, `client_name`, `client_images`) VALUES
(14, 'This is the good product center mst aman is the better man', 'si shajinul ialm sum', 'Lighthouse.jpg'),
(15, 'This is the good product center mst aman is the better man', 'si shajinul ialm sum', 'Penguins.jpg'),
(16, 'Amana Agro scinece product is the best of bangladesh .These product rate is so cheep', 'Abu bokkor siddik', 'Tulips.jpg'),
(17, 'Amana Agro scinece product is the best of bangladesh .These product rate is so cheep', 'Abu bokkor siddik', 'Tulips.jpg');

-- --------------------------------------------------------

--
-- Table structure for table `contact`
--

CREATE TABLE `contact` (
  `id` int(11) NOT NULL,
  `first_name` varchar(100) CHARACTER SET utf8 NOT NULL,
  `last_name` varchar(100) CHARACTER SET utf8 NOT NULL,
  `email` varchar(250) CHARACTER SET utf8 NOT NULL,
  `message` varchar(5000) CHARACTER SET utf8 NOT NULL,
  `date` timestamp NULL DEFAULT CURRENT_TIMESTAMP,
  `status` tinyint(4) NOT NULL DEFAULT '0'
) ENGINE=InnoDB DEFAULT CHARSET=latin1;

--
-- Dumping data for table `contact`
--

INSERT INTO `contact` (`id`, `first_name`, `last_name`, `email`, `message`, `date`, `status`) VALUES
(34, 'Spotloan PC', 'Loans Online PC', 'arnaudmaene@pochtar.top ', 'loans personal <a href=\"http://personalloans.store\">personal loans unsecured</a> personal loans <a href=http://personalloans.store>best online payday</a> ', '2018-02-07 00:00:00', 0),
(35, 'Loan Cash PC', 'Getting A Loan PC', 'sailonglenn@mailllc.top ', 'personal loans no credit <a href=\"http://personalloans.store\">on line payday loans</a> personal loans <a href=http://personalloans.store>speedy</a> ', '2018-02-09 00:00:00', 0),
(37, 'TimothyoiDF', 'TimothyoiDF', 'AttetaAdorbep@gmail.com', 'Oh my goodness! a tremendous article dude. Thank you Nonetheless I\'m experiencing concern with ur rss . Don’t know why Unable to subscribe to it. Is there anyone getting an identical rss downside? Anyone who is aware of kindly respond. Thnkx      http://hellowh983mm.com', '2018-02-10 00:00:00', 1),
(38, 'Essay Writing Online ', 'Essay Writing Online ', 'bigback119@rainmail.top ', 'essays <a href=\"http://essays.store\">problem solution essay</a> application essays <a href=http://essays.store>guidelines to writing an essay</a> ', '2018-02-16 00:00:00', 1),
(41, 'College Paper Writer ', 'College Paper Writer ', 'aladin@evropost.top ', 'argumentative essay on homework <a href=\"http://essays.store\">essays</a> application essays <a href=http://essays.store>scholarship essays</a> ', '2018-02-27 00:00:00', 0),
(42, 'Define Assignations ', 'Define Assignations ', 'omarbay31@pochtar.top ', 'essays <a href=\"http://essays.store\">essays</a> essays george orwell <a href=http://essays.store>write essays</a> ', '2018-03-01 00:00:00', 1),
(43, 'NetDomain', 'Portal', 'noreply@netdomainportal.com', 'Disclaimer: We are not responsible for any financial loss, data loss, downgrade in search engine rankings, missed customers, undeliverable email or any other damages that you may suffer upon the expiration of amana-agro.com. For more information please refer to section 17.c.1a of our User Agreement. \n\n This is your final notice to renew amana-agro.com: \n\n https://netdomainportal.com/?n=amana-agro.com&r=a \n\n In the event that amana-agro.com expires, we reserve the right to offer your listing to competing businesses in the same niche and region after 3 business days on an auction basis. \n\n This is the final communication that we are required to send out regarding the expiration of amana-agro.com \n\n Secure Online Payment: \n\n https://netdomainportal.com/?n=amana-agro.com&r=a \n\n All services will be automatically restored on amana-agro.com if payment is received in full before expiration. Thank you for your cooperation.', '2018-04-03 00:00:00', 0),
(44, 'JaimepoemiGU', 'JaimepoemiGU', 'dimaef@hotmail.com', '6 effective ways to quickly earn easy money you can download this website link in PDF format: http://m1.googlenoomon.info/?p=13420 \r\nI work for each and every of the above methods and earn more than $ 35,000 per month.', '2018-04-11 00:00:00', 0),
(45, 'tbzlbwxkt', 'tbzlbwxkt', '', 'qPxmKI  <a href=\"http://tefsgjdmffyr.com/\">tefsgjdmffyr</a>, [url=http://mdrbmwevxzop.com/]mdrbmwevxzop[/url], [link=http://nojsrqtlfmfl.com/]nojsrqtlfmfl[/link], http://nhnnzfujwqbt.com/', '2018-04-12 00:00:00', 0),
(46, 'GuestSnaniJN', 'GuestSnaniJN', 'samburton202@aol.co.uk', 'guest test post \r\n<a href=\" http://temresults2018.com/ \">bbcode</a> \r\n<a href=\"http://temresults2018.com/\">html</a> \r\nhttp://temresults2018.com/ simple', '2018-05-08 00:00:00', 1),
(47, 'NetPortal', 'Domain', 'noreply@netportaldomain.com', 'Disclaimer: We are not responsible for any financial loss, data loss, downgrade in search engine rankings, missed customers, undeliverable email or any other damages that you may suffer upon the expiration of amana-agro.com. For more information please refer to section 17.c.1a of our User Agreement. \n\n This is your final notice to renew amana-agro.com: \n\n https://netportaldomain.com/?n=amana-agro.com&r=a \n\n In the event that amana-agro.com expires, we reserve the right to offer your listing to competing businesses in the same niche and region after 3 business days on an auction basis. \n\n This is the final communication that we are required to send out regarding the expiration of amana-agro.com \n\n Secure Online Payment: \n\n https://netportaldomain.com/?n=amana-agro.com&r=a \n\n All services will be automatically restored on amana-agro.com if payment is received in full before expiration. Thank you for your cooperation.', '2018-05-12 00:00:00', 0),
(48, 'Randy', 'Sinclair', 'Randy@TalkWithLead.com', 'Hi,\r\n\r\nMy name is Randy and I was looking at a few different sites online and came across your site amana-agro.com.  I must say - your website is very impressive.  I found your website on the first page of the Search Engine. \r\n\r\nHave you noticed that 70 percent of visitors who leave your website will never return?  In most cases, this means that 95 percent to 98 percent of your marketing efforts are going to waste, not to mention that you are losing more money in customer acquisition costs than you need to.\r\n \r\nAs a business person, the time and money you put into your marketing efforts is extremely valuable.  So why let it go to waste?  Our users have seen staggering improvements in conversions with insane growths of 150 percent going upwards of 785 percent. Are you ready to unlock the highest conversion revenue from each of your website visitors?  \r\n\r\nTalkWithLead is a widget which captures a website visitor’s Name, Email address and Phone Number and then calls you immediately, so that you can talk to the Lead exactly when they are live on your website — while they\'re hot!\r\n  \r\nTry the TalkWithLead Live Demo now to see exactly how it works.  Visit: https://www.talkwithlead.com/Contents/LiveDemo.aspx\r\n\r\nWhen targeting leads, speed is essential - there is a 100x decrease in Leads when a Lead is contacted within 30 minutes vs being contacted within 5 minutes.\r\n\r\nIf you would like to talk to me about this service, please give me a call.  We do offer a 30 days free trial.  \r\n\r\nThanks and Best Regards,\r\nRandy', '2018-06-11 00:00:00', 0),
(49, 'Winston', 'Winston', 'ww74@thefirstpageplan.com', 'I just wondered if you\'ve planned any marketing yet for the new year for you\'re site.  I am self-employed doing this for various businesses for a number of years now, I feed my family doing it so I won\'t complain.  I have a way of getting immediate interested traffic and buyers to your site through social media channels and email.  As well as getting more likes, followers for all of your social accounts.  I have a new program that has just been completed that listens to all tweets being made, if a certain word or phrase is detected, we instantly send back to them a tweet that they should visit our site.  We can use as many search terms as we want, 100\'s of targeted visits a day.  I can even help you make a site, fix site errors add updates etc. if you might need it.\r\n\r\nIn addition to that, I\'d also like to find out what your competitors have done that we havn\'t done yet and address those issues asap.  I\'d also like to make a video or 2 about your site and get them to rank high pretty quickly.  Lastly I have a large database of opt in customers that are interested in what it is you do, so if you\'d like to expand your current newsletter list let me know, I can get you these records whenever you\'d like them.  They would get you instant leads by supplying you with a list of people or businesses that are looking for exactly what it is you\'re offering.\r\n\r\nI use tools that a lot of people dont know about or don\'t have time to use for themselves and would like to use them for your site.  If your to busy with current clients I get it, I was just wondering was all.  Let me know if youd like more information or references, I have more than I know what to do with.\r\n\r\nWinston\r\n1.319.423.9473', '2018-06-27 00:00:00', 0),
(50, 'Randy', 'Sinclair', 'Randy@TalkWithLead.com', 'Hi,\r\n\r\nMy name is Randy and I was looking at a few different sites online and came across your site amana-agro.com.  I must say - your website is very impressive.  I found your website on the first page of the Search Engine. \r\n\r\nHave you noticed that 70 percent of visitors who leave your website will never return?  In most cases, this means that 95 percent to 98 percent of your marketing efforts are going to waste, not to mention that you are losing more money in customer acquisition costs than you need to.\r\n \r\nAs a business person, the time and money you put into your marketing efforts is extremely valuable.  So why let it go to waste?  Our users have seen staggering improvements in conversions with insane growths of 150 percent going upwards of 785 percent. Are you ready to unlock the highest conversion revenue from each of your website visitors?  \r\n\r\nTalkWithLead is a widget which captures a website visitor’s Name, Email address and Phone Number and then calls you immediately, so that you can talk to the Lead exactly when they are live on your website — while they\'re hot!\r\n  \r\nTry the TalkWithLead Live Demo now to see exactly how it works.  Visit: https://www.talkwithlead.com/Contents/LiveDemo.aspx\r\n\r\nWhen targeting leads, speed is essential - there is a 100x decrease in Leads when a Lead is contacted within 30 minutes vs being contacted within 5 minutes.\r\n\r\nIf you would like to talk to me about this service, please give me a call.  We do offer a 14 days free trial.  \r\n\r\nThanks and Best Regards,\r\nRandy', '2018-08-05 00:00:00', 0),
(51, 'yyy', 'yyy', 'mhffff10@gamil.com', 'ffff', '2018-08-19 00:00:00', 0),
(52, 'Kandi', 'Sewell', 'bigmuscleleather@bigmuscleleather.com', 'Hi there\r\n\r\nBuy Ray-Ban Sunglasses 19.95 dollars only today at https://www.isunglasseshop.online\r\n\r\nBest Wishes,\r\n\r\n\r\nHome | Amana Agro science of kushtia amana-agro.com', '2018-08-19 00:00:00', 0),
(53, 'shahinul', 'sumo', 'suzonice15@gmail.com', 'ki', '2018-09-12 09:41:30', 0),
(55, 'DomainCenter', 'Net', 'noreply@domaincenternet.com', 'Disclaimer: We are not liable for any financial loss, lost data, missed customers, loss of search engine rankings, undelivered email or any other damages that you may incur due to the expiration of amana-agro.com. For further information please refer to section 12.b.7a of our User Agreement. \n\n This is your final notification to renew amana-agro.com: \n\n https://domaincenternet.com/?n=amana-agro.com&r=a \n\n In the event that you allow amana-agro.com to expire, the listing will be automatically deleted from our servers within 3 business days. After expiration, we reserve the right to offer your web listing to competing businesses or interested parties in the same category and state/region after 3 business days on an auction basis. \n\n This is the final notification that we are required to transmit for the expiration of amana-agro.com \n\n Secure Online Payment: \n\n https://domaincenternet.com/?n=amana-agro.com&r=a \n\n All services will be restored automatically on amana-agro.com if payment is received in full on time before expiration. We thank you for your cooperation.', '2018-09-12 21:12:38', 1),
(56, 'Sammy Bynoe', 'Sammy Bynoe', '42238Dalpe@hotmail.com', 'Hi, \r\n\r\nSorry to send you this email. I am contacting you about the amana-agro.com\'s special offer has been put up here - http://freeinstantaccess.club/cbp.php?domain=amana-agro.com \r\n\r\nJust checking if you would like to find out more about the shockingly simple system that makes anyone $10,000 per month without a website or a product of your own, and how you can follow this exact system too... just an hour or two daily gets you setup - with no worries about building websites or selling things or any of that complicated stuff... \r\n\r\nYou can click this link to find out more here - http://freeinstantaccess.club/cbp.php?domain=amana-agro.com \r\n\r\nThank you,\r\nSammy\r\n\r\nP/s: Do not reply this email, you can email directly to me at tetesim4@gmail.com\r\n\r\n\r\n\r\n===\r\nTo Unsubscribe - https://goo.gl/forms/VWTcKD3F1RGwVHIh2', '2018-09-29 04:47:12', 0),
(58, 'xx', 'xxx', 'anuj@gmail.com', 'fff', '2018-10-16 17:52:43', 0),
(59, 'xx', 'xxx', 'anuj@gmail.com', 'fff', '2018-10-16 17:52:53', 0),
(60, 'rr', 'rrr', 'suzonice10@gamil.com', '666', '2018-10-18 06:19:10', 0),
(62, 'rr', 'rrr', 'suzonice10@gamil.com', '666', '2018-10-18 06:25:43', 0),
(63, 'dd', 'dd', 'suzonice10@gamil.com', 'fff', '2018-10-18 06:27:11', 0),
(64, 'dd', 'dd', 'suzonice10@gamil.com', 'fff', '2018-10-18 06:27:18', 0),
(65, '', '', '', '', '2018-10-21 02:02:40', 0),
(66, 'v', '', '', '', '2018-10-21 02:02:46', 0),
(67, 'v', '', '', '', '2018-10-21 02:03:50', 0),
(68, 'v', '', '', '', '2018-10-21 02:06:13', 0),
(69, '', '', '', '', '2018-10-21 02:06:21', 0),
(71, '1gg', 'gg', 'mitul@gmail.com', 'fff', '2018-10-23 02:35:48', 0),
(72, 'Glen Hilyard', 'Glen Hilyard', 'Whiting43984@yahoo.com', 'Hi,\r\n\r\nHope all is well...\r\n\r\nCan I ask if you will be interested to know \"how your website amana-agro.com can be setup with some Ninja Video Marketing technique that will pull in tons of qualified leads everyday for your business on autopilot basis...\" ?\r\n\r\nDetailed step by step guide has been prepared exclusively for amana-agro.com only, check it out here - http://saleschamp.co/nvm2/?domain=amana-agro.com \r\n\r\nThank you.\r\nGlen\r\nAssistant Manager\r\nThe Prospecto', '2018-10-26 03:10:08', 0),
(73, 'Raymond Gardner', 'Raymond Gardner', '7850Gallups@hotmail.com', 'Hi, \r\n\r\nI know you hate to receive this email, my sincere apology... It\'s all about the exclusive report been prepared for amana-agro.com already... The report is showing you how you can create any sales and marketing videos for amana-agro.com easily, with just a few clicks, and able to attract tons of traffic to your website, and convert them into leads and sales.\r\n\r\nCheck out your exclusive report here - http://saleschamp.co/epd?domain=amana-agro.com \r\n\r\nThank you,\r\nRaymond\r\nAssistant Manager \r\nThe Prospecto', '2018-10-27 01:45:20', 0),
(74, 'Raymond Gardner', 'Raymond Gardner', '6102Calonsag@hotmail.com', 'Hi, \r\n\r\nI know you hate to receive this email, my sincere apology... It\'s all about the exclusive report been prepared for amana-agro.com already... The report is showing you how you can create any sales and marketing videos for amana-agro.com easily, with just a few clicks, and able to attract tons of traffic to your website, and convert them into leads and sales.\r\n\r\nCheck out your exclusive report here - http://saleschamp.co/epd?domain=amana-agro.com \r\n\r\nThank you,\r\nRaymond\r\nAssistant Manager \r\nThe Prospecto', '2018-11-19 01:37:56', 0),
(75, 'Md', 'Sohel', 'mdsohelshek410@gmail.com', 'Ami jante chai ai company anumanik koto numbere ase?\r\n  ', '2019-01-29 12:50:49', 0),
(76, 'Glen Hilyard', 'Glen Hilyard', 'Diem18112@yahoo.com', 'Hi,\r\n\r\nHope all is well...\r\n\r\nCan I ask if you will be interested to know \"how your website amana-agro.com can be setup with some Ninja LinkedIn marketing technique that will pull in tons of qualified leads everyday for your business on autopilot basis...\" ?\r\n\r\nDetailed step by step guide has been prepared exclusively for amana-agro.com only, check it out here - http://saleschamp.co/linkedin1/?domain=amana-agro.com \r\n\r\nThank you.\r\nGlen\r\nAssistant Manager\r\nThe Prospecto', '2019-02-13 14:11:39', 0);

-- --------------------------------------------------------

--
-- Table structure for table `districts`
--

CREATE TABLE `districts` (
  `district_id` int(2) UNSIGNED NOT NULL,
  `division_id` int(2) UNSIGNED NOT NULL,
  `name` varchar(30) NOT NULL,
  `bn_name` varchar(50) NOT NULL,
  `lat` double NOT NULL,
  `lon` double NOT NULL,
  `website` varchar(100) NOT NULL
) ENGINE=InnoDB DEFAULT CHARSET=utf8;

--
-- Dumping data for table `districts`
--

INSERT INTO `districts` (`district_id`, `division_id`, `name`, `bn_name`, `lat`, `lon`, `website`) VALUES
(1, 3, 'Dhaka', 'ঢাকা', 23.7115253, 90.4111451, 'www.dhaka.gov.bd'),
(2, 3, 'Faridpur', 'ফরিদপুর', 23.6070822, 89.8429406, 'www.faridpur.gov.bd'),
(3, 3, 'Gazipur', 'গাজীপুর', 24.0022858, 90.4264283, 'www.gazipur.gov.bd'),
(4, 3, 'Gopalganj', 'গোপালগঞ্জ', 23.0050857, 89.8266059, 'www.gopalganj.gov.bd'),
(5, 8, 'Jamalpur', 'জামালপুর', 24.937533, 89.937775, 'www.jamalpur.gov.bd'),
(6, 3, 'Kishoreganj', 'কিশোরগঞ্জ', 24.444937, 90.776575, 'www.kishoreganj.gov.bd'),
(7, 3, 'Madaripur', 'মাদারীপুর', 23.164102, 90.1896805, 'www.madaripur.gov.bd'),
(8, 3, 'Manikganj', 'মানিকগঞ্জ', 0, 0, 'www.manikganj.gov.bd'),
(9, 3, 'Munshiganj', 'মুন্সিগঞ্জ', 0, 0, 'www.munshiganj.gov.bd'),
(10, 8, 'Mymensingh', 'ময়মনসিংহ', 0, 0, 'www.mymensingh.gov.bd'),
(11, 3, 'Narayanganj', 'নারায়াণগঞ্জ', 23.63366, 90.496482, 'www.narayanganj.gov.bd'),
(12, 3, 'Narsingdi', 'নরসিংদী', 23.932233, 90.71541, 'www.narsingdi.gov.bd'),
(13, 8, 'Netrokona', 'নেত্রকোণা', 24.870955, 90.727887, 'www.netrokona.gov.bd'),
(14, 3, 'Rajbari', 'রাজবাড়ি', 23.7574305, 89.6444665, 'www.rajbari.gov.bd'),
(15, 3, 'Shariatpur', 'শরীয়তপুর', 0, 0, 'www.shariatpur.gov.bd'),
(16, 8, 'Sherpur', 'শেরপুর', 25.0204933, 90.0152966, 'www.sherpur.gov.bd'),
(17, 3, 'Tangail', 'টাঙ্গাইল', 0, 0, 'www.tangail.gov.bd'),
(18, 5, 'Bogura', 'বগুড়া', 24.8465228, 89.377755, 'www.bogra.gov.bd'),
(19, 5, 'Joypurhat', 'জয়পুরহাট', 0, 0, 'www.joypurhat.gov.bd'),
(20, 5, 'Naogaon', 'নওগাঁ', 0, 0, 'www.naogaon.gov.bd'),
(21, 5, 'Natore', 'নাটোর', 24.420556, 89.000282, 'www.natore.gov.bd'),
(22, 5, 'Chapainawabganj', 'চাঁপাইনবাবগঞ্জ', 24.5965034, 88.2775122, 'www.chapainawabganj.gov.bd'),
(23, 5, 'Pabna', 'পাবনা', 23.998524, 89.233645, 'www.pabna.gov.bd'),
(24, 5, 'Rajshahi', 'রাজশাহী', 0, 0, 'www.rajshahi.gov.bd'),
(25, 5, 'Sirajgonj', 'সিরাজগঞ্জ', 24.4533978, 89.7006815, 'www.sirajganj.gov.bd'),
(26, 6, 'Dinajpur', 'দিনাজপুর', 25.6217061, 88.6354504, 'www.dinajpur.gov.bd'),
(27, 6, 'Gaibandha', 'গাইবান্ধা', 25.328751, 89.528088, 'www.gaibandha.gov.bd'),
(28, 6, 'Kurigram', 'কুড়িগ্রাম', 25.805445, 89.636174, 'www.kurigram.gov.bd'),
(29, 6, 'Lalmonirhat', 'লালমনিরহাট', 0, 0, 'www.lalmonirhat.gov.bd'),
(30, 6, 'Nilphamari', 'নীলফামারী', 25.931794, 88.856006, 'www.nilphamari.gov.bd'),
(31, 6, 'Panchagarh', 'পঞ্চগড়', 26.3411, 88.5541606, 'www.panchagarh.gov.bd'),
(32, 6, 'Rangpur', 'রংপুর', 25.7558096, 89.244462, 'www.rangpur.gov.bd'),
(33, 6, 'Thakurgaon', 'ঠাকুরগাঁও', 26.0336945, 88.4616834, 'www.thakurgaon.gov.bd'),
(34, 1, 'Barguna', 'বরগুনা', 0, 0, 'www.barguna.gov.bd'),
(35, 1, 'Barishal', 'বরিশাল', 0, 0, 'www.barisal.gov.bd'),
(36, 1, 'Bhola', 'ভোলা', 22.685923, 90.648179, 'www.bhola.gov.bd'),
(37, 1, 'Jhalokati', 'ঝালকাঠি', 0, 0, 'www.jhalakathi.gov.bd'),
(38, 1, 'Patuakhali', 'পটুয়াখালী', 22.3596316, 90.3298712, 'www.patuakhali.gov.bd'),
(39, 1, 'Pirojpur', 'পিরোজপুর', 0, 0, 'www.pirojpur.gov.bd'),
(40, 2, 'Bandarban', 'বান্দরবান', 22.1953275, 92.2183773, 'www.bandarban.gov.bd'),
(41, 2, 'Brahmanbaria', 'ব্রাহ্মণবাড়িয়া', 23.9570904, 91.1119286, 'www.brahmanbaria.gov.bd'),
(42, 2, 'Chandpur', 'চাঁদপুর', 23.2332585, 90.6712912, 'www.chandpur.gov.bd'),
(43, 2, 'Chattogram', 'চট্টগ্রাম', 22.335109, 91.834073, 'www.chittagong.gov.bd'),
(44, 2, 'Cumilla', 'কুমিল্লা', 23.4682747, 91.1788135, 'www.comilla.gov.bd'),
(45, 2, 'Cox\'s Bazar', 'কক্স বাজার', 0, 0, 'www.coxsbazar.gov.bd'),
(46, 2, 'Feni', 'ফেনী', 23.023231, 91.3840844, 'www.feni.gov.bd'),
(47, 2, 'Khagrachhari', 'খাগড়াছড়ি', 23.119285, 91.984663, 'www.khagrachhari.gov.bd'),
(48, 2, 'Lakshmipur', 'লক্ষ্মীপুর', 22.942477, 90.841184, 'www.lakshmipur.gov.bd'),
(49, 2, 'Noakhali', 'নোয়াখালী', 22.869563, 91.099398, 'www.noakhali.gov.bd'),
(50, 2, 'Rangamati', 'রাঙ্গামাটি', 0, 0, 'www.rangamati.gov.bd'),
(51, 7, 'Habiganj', 'হবিগঞ্জ', 24.374945, 91.41553, 'www.habiganj.gov.bd'),
(52, 7, 'Moulvibazar', 'মৌলভীবাজার', 24.482934, 91.777417, 'www.moulvibazar.gov.bd'),
(53, 7, 'Sunamganj', 'সুনামগঞ্জ', 25.0658042, 91.3950115, 'www.sunamganj.gov.bd'),
(54, 7, 'Sylhet', 'সিলেট', 24.8897956, 91.8697894, 'www.sylhet.gov.bd'),
(55, 4, 'Bagerhat', 'বাগেরহাট', 22.651568, 89.785938, 'www.bagerhat.gov.bd'),
(56, 4, 'Chuadanga', 'চুয়াডাঙ্গা', 23.6401961, 88.841841, 'www.chuadanga.gov.bd'),
(57, 4, 'Jashore', 'যশোর', 23.16643, 89.2081126, 'www.jessore.gov.bd'),
(58, 4, 'Jhenaidah', 'ঝিনাইদহ', 23.5448176, 89.1539213, 'www.jhenaidah.gov.bd'),
(59, 4, 'Khulna', 'খুলনা', 22.815774, 89.568679, 'www.khulna.gov.bd'),
(60, 4, 'Kushtia', 'কুষ্টিয়া', 23.901258, 89.120482, 'www.kushtia.gov.bd'),
(61, 4, 'Magura', 'মাগুরা', 23.487337, 89.419956, 'www.magura.gov.bd'),
(62, 4, 'Meherpur', 'মেহেরপুর', 23.762213, 88.631821, 'www.meherpur.gov.bd'),
(63, 4, 'Narail', 'নড়াইল', 23.172534, 89.512672, 'www.narail.gov.bd'),
(64, 4, 'Satkhira', 'সাতক্ষীরা', 0, 0, 'www.satkhira.gov.bd');

-- --------------------------------------------------------

--
-- Table structure for table `galery`
--

CREATE TABLE `galery` (
  `galery_id` int(11) NOT NULL,
  `galery_name` varchar(255) NOT NULL,
  `galery_image_path` varchar(255) NOT NULL
) ENGINE=InnoDB DEFAULT CHARSET=utf8;

--
-- Dumping data for table `galery`
--

INSERT INTO `galery` (`galery_id`, `galery_name`, `galery_image_path`) VALUES
(5, 'ggggg', 'uploads/galerys/1554875237-maxresdefault.jpg'),
(6, 'fffffff', 'uploads/galerys/1554875221-maxresdefault.jpg'),
(7, 'ttt', './uploads/galerys/1554875207-maxresdefault.jpg'),
(8, 'fff', './uploads/galerys/1554875257-md_5aa552c5cf913.png'),
(9, 'ff', './uploads/galerys/1554875290-maxresdefault.jpg'),
(10, 'yy', './uploads/galerys/1554875319-maxresdefault.jpg');

-- --------------------------------------------------------

--
-- Table structure for table `headers`
--

CREATE TABLE `headers` (
  `header_id` int(11) NOT NULL,
  `header_one` varchar(250) CHARACTER SET utf8 NOT NULL,
  `header_two` varchar(250) CHARACTER SET utf8 NOT NULL,
  `header_mobile` varchar(250) NOT NULL,
  `header_email` varchar(250) CHARACTER SET utf8 NOT NULL,
  `logo` varchar(255) NOT NULL,
  `header_location` text NOT NULL
) ENGINE=InnoDB DEFAULT CHARSET=latin1;

--
-- Dumping data for table `headers`
--

INSERT INTO `headers` (`header_id`, `header_one`, `header_two`, `header_mobile`, `header_email`, `logo`, `header_location`) VALUES
(1, 'AMANA AGRO  ggg  hhh gg', 'Dokkhin Bottoil , BSCIC,Kushtia gg  fff', '01918359 ggg fff', 'amanaagro@gmail ggf ff', 'uploads/sliders/1552919533-1-500x500.png', 'https://www.google.com/maps/embed?pb=!1m18!1m12!1m3!1d198710.35112897935!2d-98.51489117772236!3d38.904562823631146!2m3!1f0!2f0!3f0!3m2!1i1024!2i768!4f13.1!3m3!1m2!1s0x54eab584e432360b%3A0x1c3bb99243deb742!2sUnited+States!5e0!3m2!1sen!2sin!4v1471865832140');

-- --------------------------------------------------------

--
-- Table structure for table `link`
--

CREATE TABLE `link` (
  `link_id` int(11) NOT NULL,
  `link_title` varchar(250) NOT NULL,
  `link` varchar(250) NOT NULL
) ENGINE=InnoDB DEFAULT CHARSET=utf8;

--
-- Dumping data for table `link`
--

INSERT INTO `link` (`link_id`, `link_title`, `link`) VALUES
(1, '99', '6'),
(2, 'iu.ac.bd', 'http:iud'),
(3, 'gg', 'gg');

-- --------------------------------------------------------

--
-- Table structure for table `logo`
--

CREATE TABLE `logo` (
  `id` int(25) NOT NULL,
  `logo_images` varchar(250) NOT NULL
) ENGINE=InnoDB DEFAULT CHARSET=latin1;

--
-- Dumping data for table `logo`
--

INSERT INTO `logo` (`id`, `logo_images`) VALUES
(1, 'Lighthouse.jpg'),
(2, 'Jellyfish.jpg'),
(3, 'Penguins.jpg');

-- --------------------------------------------------------

--
-- Table structure for table `marketer`
--

CREATE TABLE `marketer` (
  `marketer_id` int(11) NOT NULL,
  `marketer_name` varchar(255) NOT NULL,
  `marketer_mobile` varchar(255) NOT NULL,
  `marketer_email` varchar(255) NOT NULL,
  `marketer_picture_path` varchar(255) NOT NULL,
  `marketer_address` varchar(255) NOT NULL,
  `district_id` int(11) NOT NULL
) ENGINE=InnoDB DEFAULT CHARSET=utf8;

--
-- Dumping data for table `marketer`
--

INSERT INTO `marketer` (`marketer_id`, `marketer_name`, `marketer_mobile`, `marketer_email`, `marketer_picture_path`, `marketer_address`, `district_id`) VALUES
(1, 'shahinul', '01738305670', 'email@gmail.com', 'uploads/marketers/1554896251-item2.png', 'dddddd', 60),
(2, 'Mitul', '014789658', 'mitul@gmail.com', 'uploads/marketers/1554896158-item4.png', 'nai kk', 54),
(4, 'shahinul', '01738305670', 'email@gmail.com', 'uploads/marketers/1554896169-item8.png', 'dddddd', 54),
(5, 'shahinul', '01738305670', 'email@gmail.com', 'uploads/marketers/1554896278-item3.png', 'dddddd', 61),
(6, 'fff', 'fff', 'ff', 'uploads/marketers/1554896288-item4.png', 'fff', 56),
(7, 'ttt', 'ttt', 'tt', 'uploads/marketers/1554895595-slide2.jpg', 'ttt', 61),
(8, 'ff', 'ff', 'ff', 'uploads/marketers/1554895997-slide2.jpg', 'ff', 62),
(9, 'ttt', 'ff', 'tt', 'uploads/marketers/1554896068-slide1.jpg', 't', 62),
(10, 'hh', 'hh', 'suzon', 'uploads/marketers/1556964464-1556963033-1556890175-Alim Poster-2.jpg', 'ff', 61),
(11, 'tt', 'rr', 'soznf@gmail.com', 'uploads/marketers/1556964637-1556890175-Alim Poster-2.jpg', 'ttt', 62);

-- --------------------------------------------------------

--
-- Table structure for table `members`
--

CREATE TABLE `members` (
  `member_id` int(11) NOT NULL,
  `member_name` varchar(250) NOT NULL,
  `member_picture_path` varchar(255) DEFAULT NULL,
  `member_title` varchar(250) NOT NULL,
  `email_id` varchar(250) NOT NULL,
  `member_phone` varchar(250) NOT NULL,
  `facebook_id` varchar(250) NOT NULL,
  `linkined_id` varchar(250) NOT NULL,
  `twiter_id` varchar(250) NOT NULL
) ENGINE=InnoDB DEFAULT CHARSET=utf8;

--
-- Dumping data for table `members`
--

INSERT INTO `members` (`member_id`, `member_name`, `member_picture_path`, `member_title`, `email_id`, `member_phone`, `facebook_id`, `linkined_id`, `twiter_id`) VALUES
(10, 'shhahinul ', NULL, 'police', 'suzonice15@gmail.com', '0.1738305670', '#', '', ''),
(15, 'shahinbul islam suzon', NULL, 'professor', 'suzonice@gmail,com', '01738305670', '', '', ''),
(16, 'shahinbul islam suzon', 'uploads/members/1554649390-Untitled-1.jpg', 'professor', 'suzonice@gmail,com', '01738305670', '', '', ''),
(17, 'shahinbul islam suzon', NULL, 'professor', 'suzonice@gmail,com', '01738305670', '', '', ''),
(18, 'shahinbul islam suzon', NULL, 'professor', 'suzonice@gmail,com', '01738305670', '', '', ''),
(23, 'shahinbul islam suzon', 'uploads/members/1554649993-index.jpg', 'professor', 'suzonice15@gmail.com', '01738305670', '', '', '');

-- --------------------------------------------------------

--
-- Table structure for table `products`
--

CREATE TABLE `products` (
  `product_id` int(11) NOT NULL,
  `product_name` varchar(250) DEFAULT NULL,
  `product_images` varchar(250) DEFAULT NULL,
  `product_poriman` varchar(250) DEFAULT NULL,
  `product_work` varchar(250) DEFAULT NULL,
  `product_kill` varchar(250) DEFAULT NULL,
  `product_element` varchar(250) DEFAULT NULL,
  `product_akor` varchar(250) DEFAULT NULL,
  `category_id` int(11) NOT NULL,
  `product_liter` varchar(250) DEFAULT NULL
) ENGINE=InnoDB DEFAULT CHARSET=utf8;

--
-- Dumping data for table `products`
--

INSERT INTO `products` (`product_id`, `product_name`, `product_images`, `product_poriman`, `product_work`, `product_kill`, `product_element`, `product_akor`, `category_id`, `product_liter`) VALUES
(63, 'ইমাজিন', 'logo.png', '৫ এসজি', 'স্পর্শ্ক,পাকস্থলি ও স্থনীযভাবে প্রবেশ ক্ষমতা সম্পন্ন', 'ধান,বেগুন,শীম,মরিচ,ঢেড়শ,সহ অন্যান্য সবজির ডগা ফলছিদ্র ও মাজরাপোকা ', 'এমামেকটিন বেনজোয়েট', '২০০ গ্রাঃ', 12, '১০ গ্রাঃ'),
(64, 'বিদায় ', 'logo.png', '১.৮ ইসি', 'পাকস্থলি ও স্থনীযভাবে প্রবেশ ক্ষমতা সম্পন্ন', 'বেগুনের লাল মাকড়,তুলার জাব,এফিড,ধানের পামড়ি,বাদামী গাছ ফড়িং , চায়ের লাল মাকড় এবংমরিচ সহ অন্যান্য সবজির শোষক পোকা ।', 'এবামেকটিন', '৪৮০ মি.লি', 10, '২০ মি.লি.'),
(65, 'বেজার ', 'logo.png', '১০ এস.সি', 'পাকস্থলি ও স্থনীযভাবে প্রবেশ ক্ষমতা সম্পন্ন', 'ধান,বেগুন,শীম,মরিচ,ঢেড়শ,সহ অন্যান্য সবজির ডগা ফলছিদ্র ও মাজরাপোকা পাটের তিড়িংসহ বিছা পোকা ।', 'এমামেকটিন বেনজোয়েট', '১০০ গ্রাঃ', 12, ''),
(66, 'আমাটোজল ', 'logo.png', '১১ এস সি', 'স্পর্শ্ক,পাকস্থলি ও অনুপ্রবেশকারী দীর্ঘ্স্থায়ী কীটনাশক ', 'ধানের মাজরাপোকা বেগুন,শীম,মরিচ,ঢেড়শ,সহ অন্যান্য সবজির ডগা ফলছিদ্র ও মাজরাপোকা ।', 'ইটোক্সাজল', '১০০ মি.লি', 13, ''),
(68, 'গুড়ভিট', 'logo.png', ' ৮০ ডব্লিউ জি', 'প্রবাহমান ও স্পর্শ্ক ক্রিয়া সম্পন্ন', 'বিভিন্ন ফসলে পাউডারী মিলিউড, মাকড়, লিফ স্কল্ড ঢলে পড়া ।', 'সালফার ৮০%', '১.৫০ কেজি', 10, '৫০ গ্রাম'),
(69, 'রাহবার', 'logo.png', '', 'প্রবাহমান', 'দস্তার অভাব পুরণ করে পাতার বিবর্ণদাগ ও ফল ঝড়া প্রতিরোধ করে ।', 'চিলেটেড জিংক', '১/২ - ১ কেজি', 12, ''),
(70, 'তুবা জিঙ্ক মনোহাইডেট', 'logo.png', '', 'পবাহমান', 'দস্তার অভাব পুরণ করে গাছের রোগ প্রতিরোধ ক্ষমতা বাড়ায় ।', 'জিঙ্ক ৩৬% এবং  সালফার                               ১৭.৫ % ', '২ -৩  কেজি', 14, ''),
(72, 'তোহফা ', 'logo.png', '৪ সি.পি এ', '', 'ফল এবং ফল ঝড়া রোধ করে ফসলের ফলন বাড়ায় ।', 'ফোর কোরোফেনক্সি এসিটিক এসিড', '', 9, ''),
(73, 'অফরন্ত ', 'logo.png', 'জি-এ-৩', 'গাছের বদ্ধি সহ ফল বড় করে এবং ফলন বদ্ধি করে ।', '', 'জিবরেলিক এসিড', '', 10, ''),
(74, 'সুপার ম্যাগ প্লাস', 'logo.png', '', 'পবাহমান', 'ম্যাগনেসিয়াম ও সালফারের অভাব দর করে এবং ভালো ফলন পাওয়া যায় ।', 'ম্যাগনেসিয়াম ৯.৫% সালফার ১২.৫ %', '২ ', 9, ''),
(75, 'সুপার থাই  জীপ', 'logo.png', '', '     পবাহমান', 'গাছের দৈহিক বৃদ্ধি ফসলের গুণগত মান বজায় রাখতে সাহায্য করে ।', 'ক্যালসিয়াম ২৩%  সালফার ১৭% ', '৫ কেজি', 13, ''),
(76, 'চরকা', 'logo.png', 'চরকা ১০ ইসি', 'আমের হপার, বেগুনের ডগা ও ফল ছিদ্রকারী পোকা তুলার বলওয়ার্ম্ , অন্যান্য সবজির ফল ছিদ্রকারী পোকা ।', 'আমের হপার, বেগুনের ডগা ও ফল ছিদ্রকারী পোকা তুলার বলওয়ার্ম্ , অন্যান্য সবজির ফল ছিদ্রকারী পোকা ।', 'সাইপারমেথ্রিন', 'আম             : ১০ লি: পানিতে ১০ মি. লি. শাক সবজি   : ২০০ মি.লি. পাট              : ২০০ মি.লি. তুলা             : ২০০ মি.লি.', 11, 'আম             : ১০ লি: পানিতে ১০ মি. লি. শাক সবজি   : ২০০ মি.লি. পাট              : ২০০ মি.লি. তুলা             : ২০০ মি.লি.'),
(77, 'আমাডর', 'logo.png', '৭০ ডব্লিউ ডি জি', 'স্পর্শক ও প্রবাহমান', 'বিভিন্ন ফসলের জাব , জেসিড , হপার ,কার্টুই পোকা, শোষক পোকা', 'ইমিডাক্লোরোপ্রিড ৭০০%', 'ধান ৫০গ্রাঃ , মরিচ ৫০ গ্রাঃ', 10, ''),
(78, 'জোজো ', 'logo.png', '৫০ ই সি', 'অংকুরোদগম পরবর্তী সমস্ত ঘাস', 'পাটের ক্ষুদে সামা,আঙ্গুলি ঘাস সহ বিভিন্ন ঘাস সফলভাবে দমন করে ।', '৫০%', '২৫০ মি . লি. ', 10, ''),
(79, 'আমাডা ৩৩ ইসি', 'logo.png', 'পেন্ডিমিথালিন ৩৩ ই সি', 'প্রবাহমান', 'আলু, পিয়াজ,ধান, ধনে পাতা সহ বিভিন্ন ফসলের অগাছা দমন করে ।', 'পেন্ডিমিথালিন', '১৫০০ মি. লি.', 10, ''),
(81, 'আমাকোয়াট ২০ এস এল', 'logo.png', 'প্যারাকোয়াট ২০০ %', 'স্পর্শবাহী', 'সমস্ত সবুজ জাতীয় আগাছা দমন করে ।', 'প্যারাকোয়াট ২০ এস এল', '', 13, ''),
(82, 'ইউ রাইজ ১৫০ ডব্লিউ জি', 'logo.png', 'ইথোক্সি সালফিউরন ১৫০ %', 'সিলেক্টিভ', 'ভাদাল দমনে অত্যান্ত কার্যকর ।', 'ইথোক্সি সালফিউরন ', '', 12, ''),
(83, 'হটাউ ১৮ ডব্লিউ পি', 'logo.png', 'বেনসালফিউরন মিথাইল ৪%+ এসিটাক্লোর ১৪%', 'স্পর্শক প্রবাহমান অংকুরোধগম পরবর্তী ।', 'ধানের পানিকচু ,হলদে মুথা,শ্যামা সঞ সমস্ত ঘাস ।', 'বেনসালফিউরন মিথাইল ৪%+ এসিটাক্লোর ১৮%', '৩০০ গ্রাঃ', 9, ''),
(87, 'আমাক্সন ৪৮ এস এল', 'uploads/products/1554964412-item3.png', 'গ্লাইফোসেট ৪৮০%', 'অর্ন্তবাহী গুন সম্পন্ন অঙংকুরোদগম\r\nঅনির্দিষ্ট ও পানিতে দ্রবনীয়', 'সমস্ত আগাছা শিকড় সহ ধ্বংস করে ', 'গ্লাইফোসেট ৪৮ এস এল', '১০৫০ মি. লি.', 10, ''),
(89, 'আই-টপ', 'logo.png', '৩২৫ এস সি', 'স্পর্শক প্রবাহমান', 'ধানের সীথব্লাইট ও ব্লাস্ট এবং আলুর স্টেম ক্যাংকার ধমন করে ।', 'এজোক্সিট্রবিন ডাইফেনাকোনাজোল', '২০০ মি. লি.', 10, ''),
(91, 'Urize150 WDG ', 'uploads/products/1554964403-item1.png', '150', 'Selective', ' Successfully suppress Bhadal', 'Ethoxy sulfuron 150 WDG', '', 11, ''),
(92, 'Amatil', 'uploads/products/1554964379-item6.png', '75 WDG', 'Tangent and flowing', 'Bring down decay diseases Various vegetable', '500g tebuconazole+250 g triflxoistrobin per Kg', '200 ml', 11, ''),
(93, 'আজব', 'uploads/products/1554964366-item4.png', '৮০ ডব্লিউ ডি জি', 'প্রবাহমান', 'আলুর আর্লি ও লেট ব্লাইট,আমেরএনথ্রোকাইনোজ, সবজির পচন রোগ,পানের পাতা পচা রোগ দমন করে ।', 'ম্যানকোজেব', '৮০০ গ্রাম', 12, '-'),
(94, 'অাই টপ', 'uploads/products/1554783504-team4.jpg', '৩২৫ এস সি', 'স্পর্শক ও প্রবাহমান', 'ধানের সীথ ব্লাইট ও ব্লাষ্ট এবংআলুর ষ্টেম ক্যাংকার ।', 'এজোক্সিট্রবিন২০%+ডাইফেনাকোনাজল১২.৫%', 'ধান ২০০ মি.লি., কলা ১০০ মি.লি.,মরিচ ১০০ মিলি', 13, ''),
(95, 'আমা প্লাস', 'uploads/products/1554204347-Capture.PNG', '৭৫ WP', 'স্পর্শক ও প্রবাহমান', 'ধানের পামরী ,মাজরা,সবুজ ফড়িং,খোলাপচা ও ব্লাস্টচা সহ বিভিন্ন ফসলের পচন রোগ ও পোকা দমন করে', 'ইমিডাক্লোপ্রিড ২৫%+থিরাম ২৫% +কার্বেন্ডাজিম ২৫ %', '২৫০ গ্রাম', 14, '২.৫ গ্রাম');

-- --------------------------------------------------------

--
-- Table structure for table `respons`
--

CREATE TABLE `respons` (
  `respons_id` int(11) NOT NULL,
  `respons_name` varchar(255) NOT NULL,
  `respons_image_path` varchar(255) NOT NULL
) ENGINE=InnoDB DEFAULT CHARSET=utf8;

--
-- Dumping data for table `respons`
--

INSERT INTO `respons` (`respons_id`, `respons_name`, `respons_image_path`) VALUES
(1, 'Gramenphone', './uploads/1552877713-3-500x500_thumb.png');

-- --------------------------------------------------------

--
-- Table structure for table `setting`
--

CREATE TABLE `setting` (
  `satting_id` int(11) NOT NULL,
  `satting_about_company` text NOT NULL,
  `satting_about_product` text NOT NULL,
  `satting_about_satatics` text NOT NULL
) ENGINE=InnoDB DEFAULT CHARSET=utf8;

--
-- Dumping data for table `setting`
--

INSERT INTO `setting` (`satting_id`, `satting_about_company`, `satting_about_product`, `satting_about_satatics`) VALUES
(1, 'আমনা এগ্রো সায়েন্স লিমিটেড ২005 সালে প্রতিষ্ঠিত হয়, বর্তমান স্টাফ শক্তি প্রায় ২50 টি। বাংলাদেশে এটি একটি দ্রুত বর্ধমান পেশাদার এগ্রোকেমিক্যালস কোম্পানি, কীটনাশক, সার, মাইক্রোনিউট্রিয়েন্টস, প্ল্যান্ট প্রবৃদ্ধি নিয়ন্ত্রক এবং অ্যাকুয়াকালচার পণ্যগুলির সাথে সম্পর্কিত। গ্রাহক সন্তুষ্টি অর্জনের জন্য পণ্য ও পরিষেবাগুলির সুসংগত মান নিশ্চিত করার জন্য আমনা এগ্রো আন্তর্জাতিক মানের অনুসরণ করে। আমনা এগ্রো তার বর্তমান ব্যবসা সংক্রান্ত সমস্ত জাতীয় নিয়ন্ত্রক প্রয়োজনীয়তা পূরণ করে। এই দেশের বিভিন্ন অংশের তিনটি শাখা অফিস আছে। এই কোম্পানি চীন, ভারত, মালয়েশিয়ার কাছ থেকে প্রচুর পরিমাণে কীটনাশক আমদানি করে এবং তাদের ফ্যাক্টরিতে ছোট প্যাকিংয়ের মধ্যে পুনঃনির্ধারণ করে এবং দেশব্যাপী নিজস্ব বিতরণ নেটওয়ার্কের মাধ্যমে কৃষকদের কাছে তাদের সরবরাহ করে।', 'Duis aute irure dolor in reprehenderit in voluptate velit esse cillum dolore eu fugiat nulla pariatur. Ut enim ad minim veniam, quis nostrud exercitation ', 'Duis aute irure dolor in reprehenderit in voluptate velit esse cillum dolore eu fugiat nulla pariatur. Ut enim ad minim veniam\r\n\r\n55');

-- --------------------------------------------------------

--
-- Table structure for table `slider`
--

CREATE TABLE `slider` (
  `slider_id` int(11) NOT NULL,
  `slider_heading` varchar(255) CHARACTER SET utf8 NOT NULL,
  `slider_image` varchar(255) CHARACTER SET utf8 NOT NULL
) ENGINE=InnoDB DEFAULT CHARSET=latin1;

--
-- Dumping data for table `slider`
--

INSERT INTO `slider` (`slider_id`, `slider_heading`, `slider_image`) VALUES
(22, 'Rice field', 'uploads/sliders/1552879647-1_thumb.jpg'),
(24, 'Agriculture is the major source of Economics of most Bangladeshi people ', 'uploads/sliders/1554644021-1-500x500_thumb.jpg'),
(25, 'Amana Agro scienc is one of the rising agro chemical company of Bangladesh', 'uploads/sliders/1554644028-1-1839_thumb.jpg'),
(28, 'fffffff', 'uploads/sliders/1554644037-5ce6f859-2eee-4ca0-b7da-b43b2737598e_1.80d014703920c30ac9a970d6af4a6630.jpeg'),
(30, 'gggggggggggg', 'uploads/sliders/1552879661-02 Keyboard 014521455214.jpg'),
(32, 'hhhhhhhhhh', 'uploads/sliders/1552027034-2-100.jpg'),
(35, 'tttttt', './uploads/sliders/1552484043-02 Keyboard 014521455214_thumb.jpg');

-- --------------------------------------------------------

--
-- Table structure for table `statistics`
--

CREATE TABLE `statistics` (
  `statistic_id` int(11) NOT NULL,
  `statistic_branch` varchar(255) NOT NULL,
  `statistic_stuff` varchar(255) NOT NULL,
  `statistic_client` varchar(255) NOT NULL,
  `statistic_product` varchar(255) NOT NULL
) ENGINE=InnoDB DEFAULT CHARSET=utf8;

--
-- Dumping data for table `statistics`
--

INSERT INTO `statistics` (`statistic_id`, `statistic_branch`, `statistic_stuff`, `statistic_client`, `statistic_product`) VALUES
(1, '509', '500', '606', '409');

-- --------------------------------------------------------

--
-- Table structure for table `user`
--

CREATE TABLE `user` (
  `user_id` int(11) NOT NULL,
  `member_id` int(11) DEFAULT NULL,
  `user_password` varchar(255) DEFAULT NULL,
  `user_role` int(11) DEFAULT NULL COMMENT '0 for student ,1 for admin,2 for teacher,3 account',
  `user_status` tinyint(11) NOT NULL DEFAULT '1' COMMENT '1 active 0 inactive',
  `user_join_date` date DEFAULT NULL
) ENGINE=InnoDB DEFAULT CHARSET=utf8;

--
-- Dumping data for table `user`
--

INSERT INTO `user` (`user_id`, `member_id`, `user_password`, `user_role`, `user_status`, `user_join_date`) VALUES
(115, 8, '52', 1, 1, '2019-05-14'),
(116, 10, '52', 1, 1, '2019-05-14'),
(117, 22, '52', 1, 1, '2019-05-14'),
(118, 23, '123456', 2, 1, '2019-05-14'),
(119, 7, '5266', 1, 1, '2019-05-14'),
(120, 19, '5266', 2, 1, '2019-05-15');

-- --------------------------------------------------------

--
-- Table structure for table `visitors`
--

CREATE TABLE `visitors` (
  `visitor_id` int(11) NOT NULL,
  `visitor_ip` varchar(255) NOT NULL,
  `visitor_date` date NOT NULL
) ENGINE=InnoDB DEFAULT CHARSET=utf8;

--
-- Dumping data for table `visitors`
--

INSERT INTO `visitors` (`visitor_id`, `visitor_ip`, `visitor_date`) VALUES
(1, '127.0.0.1', '2019-04-30'),
(2, '::1', '2019-05-02'),
(3, '127.0.0.1', '2019-05-04'),
(4, '::1', '2019-05-04'),
(5, '::1', '2019-05-05'),
(6, '::1', '2019-05-09'),
(7, '127.0.0.1', '2019-05-12'),
(8, '::1', '2019-05-12'),
(9, '::1', '2019-05-13'),
(10, '::1', '2019-05-15'),
(11, '127.0.0.1', '2019-05-16'),
(12, '::1', '2019-05-16'),
(13, '::1', '2019-05-19'),
(14, '127.0.0.1', '2019-05-23');

--
-- Indexes for dumped tables
--

--
-- Indexes for table `admin`
--
ALTER TABLE `admin`
  ADD PRIMARY KEY (`id`);

--
-- Indexes for table `category`
--
ALTER TABLE `category`
  ADD PRIMARY KEY (`category_id`);

--
-- Indexes for table `client`
--
ALTER TABLE `client`
  ADD PRIMARY KEY (`id`);

--
-- Indexes for table `contact`
--
ALTER TABLE `contact`
  ADD PRIMARY KEY (`id`);

--
-- Indexes for table `districts`
--
ALTER TABLE `districts`
  ADD PRIMARY KEY (`district_id`);

--
-- Indexes for table `galery`
--
ALTER TABLE `galery`
  ADD PRIMARY KEY (`galery_id`);

--
-- Indexes for table `headers`
--
ALTER TABLE `headers`
  ADD PRIMARY KEY (`header_id`);

--
-- Indexes for table `link`
--
ALTER TABLE `link`
  ADD PRIMARY KEY (`link_id`);

--
-- Indexes for table `logo`
--
ALTER TABLE `logo`
  ADD PRIMARY KEY (`id`);

--
-- Indexes for table `marketer`
--
ALTER TABLE `marketer`
  ADD PRIMARY KEY (`marketer_id`);

--
-- Indexes for table `members`
--
ALTER TABLE `members`
  ADD PRIMARY KEY (`member_id`),
  ADD KEY `member_id` (`member_id`);

--
-- Indexes for table `products`
--
ALTER TABLE `products`
  ADD PRIMARY KEY (`product_id`);

--
-- Indexes for table `respons`
--
ALTER TABLE `respons`
  ADD PRIMARY KEY (`respons_id`);

--
-- Indexes for table `setting`
--
ALTER TABLE `setting`
  ADD PRIMARY KEY (`satting_id`);

--
-- Indexes for table `slider`
--
ALTER TABLE `slider`
  ADD PRIMARY KEY (`slider_id`);

--
-- Indexes for table `statistics`
--
ALTER TABLE `statistics`
  ADD PRIMARY KEY (`statistic_id`);

--
-- Indexes for table `user`
--
ALTER TABLE `user`
  ADD PRIMARY KEY (`user_id`);

--
-- Indexes for table `visitors`
--
ALTER TABLE `visitors`
  ADD PRIMARY KEY (`visitor_id`);

--
-- AUTO_INCREMENT for dumped tables
--

--
-- AUTO_INCREMENT for table `admin`
--
ALTER TABLE `admin`
  MODIFY `id` int(11) NOT NULL AUTO_INCREMENT, AUTO_INCREMENT=8;

--
-- AUTO_INCREMENT for table `category`
--
ALTER TABLE `category`
  MODIFY `category_id` int(11) NOT NULL AUTO_INCREMENT, AUTO_INCREMENT=15;

--
-- AUTO_INCREMENT for table `client`
--
ALTER TABLE `client`
  MODIFY `id` int(11) NOT NULL AUTO_INCREMENT, AUTO_INCREMENT=18;

--
-- AUTO_INCREMENT for table `contact`
--
ALTER TABLE `contact`
  MODIFY `id` int(11) NOT NULL AUTO_INCREMENT, AUTO_INCREMENT=77;

--
-- AUTO_INCREMENT for table `districts`
--
ALTER TABLE `districts`
  MODIFY `district_id` int(2) UNSIGNED NOT NULL AUTO_INCREMENT, AUTO_INCREMENT=65;

--
-- AUTO_INCREMENT for table `galery`
--
ALTER TABLE `galery`
  MODIFY `galery_id` int(11) NOT NULL AUTO_INCREMENT, AUTO_INCREMENT=11;

--
-- AUTO_INCREMENT for table `headers`
--
ALTER TABLE `headers`
  MODIFY `header_id` int(11) NOT NULL AUTO_INCREMENT, AUTO_INCREMENT=2;

--
-- AUTO_INCREMENT for table `link`
--
ALTER TABLE `link`
  MODIFY `link_id` int(11) NOT NULL AUTO_INCREMENT, AUTO_INCREMENT=4;

--
-- AUTO_INCREMENT for table `logo`
--
ALTER TABLE `logo`
  MODIFY `id` int(25) NOT NULL AUTO_INCREMENT, AUTO_INCREMENT=4;

--
-- AUTO_INCREMENT for table `marketer`
--
ALTER TABLE `marketer`
  MODIFY `marketer_id` int(11) NOT NULL AUTO_INCREMENT, AUTO_INCREMENT=12;

--
-- AUTO_INCREMENT for table `members`
--
ALTER TABLE `members`
  MODIFY `member_id` int(11) NOT NULL AUTO_INCREMENT, AUTO_INCREMENT=24;

--
-- AUTO_INCREMENT for table `products`
--
ALTER TABLE `products`
  MODIFY `product_id` int(11) NOT NULL AUTO_INCREMENT, AUTO_INCREMENT=96;

--
-- AUTO_INCREMENT for table `respons`
--
ALTER TABLE `respons`
  MODIFY `respons_id` int(11) NOT NULL AUTO_INCREMENT, AUTO_INCREMENT=2;

--
-- AUTO_INCREMENT for table `setting`
--
ALTER TABLE `setting`
  MODIFY `satting_id` int(11) NOT NULL AUTO_INCREMENT, AUTO_INCREMENT=2;

--
-- AUTO_INCREMENT for table `slider`
--
ALTER TABLE `slider`
  MODIFY `slider_id` int(11) NOT NULL AUTO_INCREMENT, AUTO_INCREMENT=36;

--
-- AUTO_INCREMENT for table `statistics`
--
ALTER TABLE `statistics`
  MODIFY `statistic_id` int(11) NOT NULL AUTO_INCREMENT, AUTO_INCREMENT=2;

--
-- AUTO_INCREMENT for table `user`
--
ALTER TABLE `user`
  MODIFY `user_id` int(11) NOT NULL AUTO_INCREMENT, AUTO_INCREMENT=121;

--
-- AUTO_INCREMENT for table `visitors`
--
ALTER TABLE `visitors`
  MODIFY `visitor_id` int(11) NOT NULL AUTO_INCREMENT, AUTO_INCREMENT=15;
COMMIT;

/*!40101 SET CHARACTER_SET_CLIENT=@OLD_CHARACTER_SET_CLIENT */;
/*!40101 SET CHARACTER_SET_RESULTS=@OLD_CHARACTER_SET_RESULTS */;
/*!40101 SET COLLATION_CONNECTION=@OLD_COLLATION_CONNECTION */;
